{
  "info": {
    "name": "KUD API – Transfer-Projekt",
    "_postman_id": "kud-1757266011",
    "description": "Postman-Collection fuer Termine, Teilnahmen und Formulare (KUD Karadjordje Bern).",
    "schema": "https://schema.getpostman.com/json/collection/v2.1.0/collection.json"
  },
  "variable": [
    {
      "key": "baseUrl",
      "value": "http://localhost:8080"
    },
    {
      "key": "terminId",
      "value": "1"
    },
    {
      "key": "mitgliedId",
      "value": "1"
    },
    {
      "key": "formularId",
      "value": ""
    },
    {
      "key": "teilnahmeId",
      "value": ""
    }
  ],
  "item": [
    {
      "name": "Termine – anlegen",
      "request": {
        "method": "POST",
        "header": [
          {
            "key": "Content-Type",
            "value": "application/json"
          }
        ],
        "url": {
          "raw": "{{baseUrl}}/api/termine",
          "host": [
            "{{baseUrl}}"
          ],
          "path": [
            "api",
            "termine"
          ]
        },
        "body": {
          "mode": "raw",
          "raw": "{\n  \"datum\": \"2025-09-30\",\n  \"uhrzeit\": \"19:30:00\",\n  \"ort\": \"Turnhalle Bern\",\n  \"ferienFlag\": false\n}"
        }
      },
      "event": [
        {
          "listen": "test",
          "script": {
            "exec": [
              "pm.test('Status ist 201 oder 200', function () {",
              "  pm.expect(pm.response.code).to.be.oneOf([200,201]);",
              "});",
              "try {",
              "  var data = pm.response.json();",
              "  if (data && data.id) {",
              "    pm.collectionVariables.set('terminId', data.id);",
              "    console.log('terminId gesetzt:', data.id);",
              "  }",
              "} catch (e) {",
              "  console.log('Kein JSON body (ok).');",
              "}"
            ],
            "type": "text/javascript"
          }
        }
      ]
    },
    {
      "name": "Termine – upcoming",
      "request": {
        "method": "GET",
        "url": {
          "raw": "{{baseUrl}}/api/termine/upcoming",
          "host": [
            "{{baseUrl}}"
          ],
          "path": [
            "api",
            "termine",
            "upcoming"
          ]
        }
      },
      "event": [
        {
          "listen": "test",
          "script": {
            "exec": [
              "pm.test('Status ist 200', function () {",
              "  pm.response.to.have.status(200);",
              "});"
            ],
            "type": "text/javascript"
          }
        }
      ]
    },
    {
      "name": "Teilnahme – zusagen",
      "request": {
        "method": "POST",
        "header": [
          {
            "key": "Content-Type",
            "value": "application/json"
          }
        ],
        "url": {
          "raw": "{{baseUrl}}/api/termine/{{terminId}}/zusagen",
          "host": [
            "{{baseUrl}}"
          ],
          "path": [
            "api",
            "termine",
            "{{terminId}}",
            "zusagen"
          ]
        },
        "body": {
          "mode": "raw",
          "raw": "{\"mitgliedId\": \"{{mitgliedId}}\", \"formularId\": null}"
        }
      },
      "event": [
        {
          "listen": "test",
          "script": {
            "exec": [
              "pm.test('Status ist 200', function () {",
              "  pm.response.to.have.status(200);",
              "});",
              "try {",
              "  var id = pm.response.text();",
              "  id = id && id.replace(/[^0-9]/g,'');",
              "  if (id) {",
              "    pm.collectionVariables.set('teilnahmeId', id);",
              "    console.log('teilnahmeId gesetzt:', id);",
              "  }",
              "} catch (e) {",
              "  console.log('Konnte teilnahmeId nicht extrahieren.');",
              "}"
            ],
            "type": "text/javascript"
          }
        }
      ]
    },
    {
      "name": "Teilnahme – absagen",
      "request": {
        "method": "POST",
        "url": {
          "raw": "{{baseUrl}}/api/teilnahmen/{{teilnahmeId}}/absagen",
          "host": [
            "{{baseUrl}}"
          ],
          "path": [
            "api",
            "teilnahmen",
            "{{teilnahmeId}}",
            "absagen"
          ]
        }
      },
      "event": [
        {
          "listen": "test",
          "script": {
            "exec": [
              "pm.test('Status ist 200', function () {",
              "  pm.response.to.have.status(200);",
              "});"
            ],
            "type": "text/javascript"
          }
        }
      ]
    },
    {
      "name": "Formular – anlegen",
      "request": {
        "method": "POST",
        "header": [
          {
            "key": "Content-Type",
            "value": "application/json"
          }
        ],
        "url": {
          "raw": "{{baseUrl}}/api/formulare",
          "host": [
            "{{baseUrl}}"
          ],
          "path": [
            "api",
            "formulare"
          ]
        },
        "body": {
          "mode": "raw",
          "raw": "{\n  \"typ\": \"Anmeldung\",\n  \"ausgabedatum\": \"2025-09-01\",\n  \"rueckgabedatum\": null,\n  \"status\": \"AUSSTEHEND\",\n  \"mitglied\": {\n    \"id\": \"{{mitgliedId}}\"\n  }\n}"
        }
      },
      "event": [
        {
          "listen": "test",
          "script": {
            "exec": [
              "pm.test('Status ist 200 oder 201', function () {",
              "  pm.expect(pm.response.code).to.be.oneOf([200,201]);",
              "});",
              "try {",
              "  var id = pm.response.text();",
              "  id = id && id.replace(/[^0-9]/g,'');",
              "  if (id) {",
              "    pm.collectionVariables.set('formularId', id);",
              "    console.log('formularId gesetzt:', id);",
              "  }",
              "} catch (e) {",
              "  console.log('Konnte formularId nicht extrahieren.');",
              "}"
            ],
            "type": "text/javascript"
          }
        }
      ]
    },
    {
      "name": "Formular – Status auf GEPRUEFT setzen",
      "request": {
        "method": "PUT",
        "url": {
          "raw": "{{baseUrl}}/api/formulare/{{formularId}}/status?status=GEPRUEFT",
          "host": [
            "{{baseUrl}}"
          ],
          "path": [
            "api",
            "formulare",
            "{{formularId}}",
            "status"
          ],
          "query": [
            {
              "key": "status",
              "value": "GEPRUEFT"
            }
          ]
        }
      },
      "event": [
        {
          "listen": "test",
          "script": {
            "exec": [
              "pm.test('Status ist 204', function () {",
              "  pm.response.to.have.status(204);",
              "});"
            ],
            "type": "text/javascript"
          }
        }
      ]
    }
  ]
}